{"yi": [0.4382800887454736, 0.2673253957711948, 0.0944158913067084, 1.5229449399341128, 5.19889014305276, 1.5494309926269827, 0.2833150464380069, 0.7181512382208994, 0.8276435007792174, 1.4773466909011497, 1.3208521180893271, 1.1486571047646612, 1.7266859402895511, 2.943313368983234, 0.5450293470143998, 0.23247339306314665], "vi": [0.25726452765545726, 0.16342776256185787, 0.2375685244909326, 0.3570472501046637, 0.8591671315470965, 0.17752685132112628, 0.14098330039067128, 0.21588825079507248, 0.19225119352424863, 0.158747451123873, 0.1998014027930934, 0.18285836440691755, 0.22192317397213207, 0.46739885817105237, 0.2123332156838096, 0.15649650470183335], "method": "REML", "labels": ["R04 Palma-Munoz", "R07 Chang", "R09 Blazevich", "R10 Byrne", "R11 Sedano Campo", "R14 Jlid", "R15 Jlid", "R16 Khlifa", "R18 Laurent", "R19 Michailidis", "R21 Potdevin", "R22 Ramirez-Campillo", "R26 Santos", "R27 Toumi", "R29 Vescovi", "R30 Yanci"]}