{"yi": [0.520707317546162, 1.1622437376887227, 0.5215583160299118, 0.4382800887454736, 0.17750230587960011, 0.6928833823847679, 0.2673253957711948, 3.5581759668423936, 0.0944158913067084, 1.5229449399341128, 5.19889014305276, 0.48365815702444115, 0.867959239859203, 1.5494309926269827, 0.2833150464380069, 0.7181512382208994, 1.1351060250071308, 0.8276435007792174, 1.4773466909011497, 1.177441944749868, 1.3208521180893271, 1.1486571047646612, 0.5189073761797157, 1.7266859402895511, 2.943313368983234, 0.5450293470143998, 0.23247339306314665, 1.525061285427641], "vi": [0.03743019630607321, 0.1711189269845779, 0.23197179553703895, 0.25726452765545726, 0.11973501233355176, 0.14838737383598213, 0.16342776256185787, 0.6191153309743779, 0.2375685244909326, 0.3570472501046637, 0.8591671315470965, 0.16695955268429383, 0.1410639967978241, 0.17752685132112628, 0.14098330039067128, 0.21588825079507248, 0.22653588711404393, 0.19225119352424863, 0.158747451123873, 0.19977980021067754, 0.1998014027930934, 0.18285836440691755, 0.18561106821556467, 0.22192317397213207, 0.46739885817105237, 0.2123332156838096, 0.15649650470183335, 0.24160096166657297], "method": "REML", "labels": ["R01 Ramirez-Campillo", "R02 Ramirez-Campillo", "R03 Ramirez-Campillo", "R04 Palma-Munoz", "R05 Ramirez-Campillo", "R06 Van Roie", "R07 Chang", "R08 Asadi", "R09 Blazevich", "R10 Byrne", "R11 Sedano Campo", "R12 Chelly", "R13 Idrizovic", "R14 Jlid", "R15 Jlid", "R16 Khlifa", "R17 Kijowski/McBride", "R18 Laurent", "R19 Michailidis", "R20 Negra", "R21 Potdevin", "R22 Ramirez-Campillo", "R23 Rensing", "R26 Santos", "R27 Toumi", "R29 Vescovi", "R30 Yanci", "R31 Zubac"]}